S.No,Name,AnnualIncome
1,RAHUL,802000
2,ISHIRA,731000
3,DARSHAN,963000
4,DHANANJAY,832000
5,RUSHABH,979000
6,PARTH,498000
7,YOUNUS,805000
8,RIDDHI,531000
9,TAVISHI,462000
10,AKHIL,744000
11,MOHNISH,790000
12,AJAY,746000
13,SIMRAN,486000
14,VANSHIKA,890000
15,VISHAL,755000
16,UTKARSH,822000
17,DESHPANDE,804000
18,PANKAJ,883000
19,MOHIT,393000
20,KATTA,748000
21,PALWINDER,957000
22,PALLAVI,817000
23,ASTHA,618000
24,HARSHVARDHAN,940000
25,VANI,393000
26,YOGESH,604000
27,RAJAT,622000
28,ANAMIKA,710000
29,PRAGYAN,620000
30,MAHENDAR,765000
31,BHASKAR,348000
32,GANESH,399000
33,RASHI,316000
34,AASHRAYA,874000
35,DHEERAJ,395000
36,TEENA,399000
37,ARUN,943000
38,KHUSHBU,949000
39,TRIPTI,732000
40,ROHIT,634000
41,SOUDIP,727000
42,DHRUV,704000
43,HARSH,341000
44,RAHUL,980000
45,VEENA,935000
46,VIPIN,377000
47,RAHUL,877000
48,RADHIKA,840000
49,AJINKYA,846000
50,JISHAN,350000
